{"cameraMode":{"drawMode":0,"name":"Shaded","section":"Shading Mode"},"sceneLighting":false,"audioPlay":false,"sceneViewState":{"m_AlwaysRefresh":false,"showFog":true,"showSkybox":false,"showFlares":true,"showImageEffects":true,"showParticleSystems":true,"showVisualEffectGraphs":true,"m_FxEnabled":true},"in2DMode":false,"pivot":{"x":0.03882408142089844,"y":1.7361277341842652,"z":-0.027419567108154298},"rotation":{"x":0.007793488446623087,"y":-0.028204627335071565,"z":0.00043395429383963346,"w":0.9991204142570496},"size":4.903770446777344,"orthographic":false}