{"cameraMode":{"drawMode":0,"name":"Shaded","section":"Shading Mode"},"sceneLighting":false,"audioPlay":false,"sceneViewState":{"m_AlwaysRefresh":false,"showFog":true,"showSkybox":false,"showFlares":true,"showImageEffects":true,"showParticleSystems":true,"showVisualEffectGraphs":true,"m_FxEnabled":true},"in2DMode":false,"pivot":{"x":0.000003814697265625,"y":7.988132476806641,"z":0.00000762939453125},"rotation":{"x":-0.34261858463287356,"y":-0.0064692809246480469,"z":0.0024095079861581327,"w":-0.9391809701919556},"size":18.021411895751954,"orthographic":false}