{"cameraMode":{"drawMode":0,"name":"Shaded","section":"Shading Mode"},"sceneLighting":false,"audioPlay":false,"sceneViewState":{"m_AlwaysRefresh":false,"showFog":true,"showSkybox":false,"showFlares":true,"showImageEffects":true,"showParticleSystems":true,"showVisualEffectGraphs":true,"m_FxEnabled":true},"in2DMode":false,"pivot":{"x":-1.5812181234359742,"y":1.8356624841690064,"z":5.3455634117126469},"rotation":{"x":0.006430074106901884,"y":0.9897167086601257,"z":-0.04813610017299652,"w":0.13443146646022798},"size":0.8660253882408142,"orthographic":false}