{"cameraMode":{"drawMode":0,"name":"Shaded","section":"Shading Mode"},"sceneLighting":false,"audioPlay":false,"sceneViewState":{"m_AlwaysRefresh":false,"showFog":true,"showSkybox":false,"showFlares":true,"showImageEffects":true,"showParticleSystems":true,"showVisualEffectGraphs":true,"m_FxEnabled":true},"in2DMode":false,"pivot":{"x":-0.6405549049377441,"y":2.1217427253723146,"z":-3.8497581481933595},"rotation":{"x":0.07201949506998062,"y":0.8668646216392517,"z":-0.13160432875156403,"w":0.47549766302108767},"size":3.9198970794677736,"orthographic":false}