{"cameraMode":{"drawMode":0,"name":"Shaded","section":"Shading Mode"},"sceneLighting":false,"audioPlay":false,"sceneViewState":{"m_AlwaysRefresh":false,"showFog":true,"showSkybox":false,"showFlares":true,"showImageEffects":true,"showParticleSystems":true,"showVisualEffectGraphs":true,"m_FxEnabled":true},"in2DMode":false,"pivot":{"x":-22.48895835876465,"y":9.372466087341309,"z":1.8099617958068848},"rotation":{"x":0.015837671235203744,"y":0.760955810546875,"z":-0.018803086131811143,"w":0.6483837366104126},"size":3.9198970794677736,"orthographic":false}