{"cameraMode":{"drawMode":0,"name":"Shaded","section":"Shading Mode"},"sceneLighting":false,"audioPlay":false,"sceneViewState":{"m_AlwaysRefresh":false,"showFog":true,"showSkybox":false,"showFlares":true,"showImageEffects":true,"showParticleSystems":true,"showVisualEffectGraphs":true,"m_FxEnabled":true},"in2DMode":false,"pivot":{"x":78.5999984741211,"y":13.974125862121582,"z":37.70000076293945},"rotation":{"x":0.16178922355175019,"y":-0.22855037450790406,"z":0.03849316015839577,"w":0.9592022895812988},"size":0.31150782108306887,"orthographic":false}