{"cameraMode":{"drawMode":0,"name":"Shaded","section":"Shading Mode"},"sceneLighting":false,"audioPlay":false,"sceneViewState":{"m_AlwaysRefresh":false,"showFog":true,"showSkybox":false,"showFlares":true,"showImageEffects":true,"showParticleSystems":true,"showVisualEffectGraphs":true,"m_FxEnabled":true},"in2DMode":false,"pivot":{"x":14.065410614013672,"y":-12.607627868652344,"z":-22.61806869506836},"rotation":{"x":0.13180652260780335,"y":0.8644992113113403,"z":-0.38746175169944765,"w":0.2905912399291992},"size":22.364002227783204,"orthographic":false}