{"cameraMode":{"drawMode":0,"name":"Shaded","section":"Shading Mode"},"sceneLighting":false,"audioPlay":false,"sceneViewState":{"m_AlwaysRefresh":false,"showFog":true,"showSkybox":false,"showFlares":true,"showImageEffects":true,"showParticleSystems":true,"showVisualEffectGraphs":true,"m_FxEnabled":true},"in2DMode":false,"pivot":{"x":-10.050000190734864,"y":-0.198698952794075,"z":-10.050000190734864},"rotation":{"x":-0.49208006262779238,"y":0.023993704468011857,"z":-0.013613167218863964,"w":-0.8698864579200745},"size":14.355643272399903,"orthographic":false}