{"cameraMode":{"drawMode":0,"name":"Shaded","section":"Shading Mode"},"sceneLighting":false,"audioPlay":false,"sceneViewState":{"m_AlwaysRefresh":false,"showFog":true,"showSkybox":false,"showFlares":true,"showImageEffects":true,"showParticleSystems":true,"showVisualEffectGraphs":true,"m_FxEnabled":true},"in2DMode":false,"pivot":{"x":1.0510423183441163,"y":-5.154805660247803,"z":9.309423446655274},"rotation":{"x":-0.2626175284385681,"y":-0.000861236359924078,"z":0.0002804837713483721,"w":-0.9646341800689697},"size":13.744683265686036,"orthographic":false}