{"cameraMode":{"drawMode":0,"name":"Shaded","section":"Shading Mode"},"sceneLighting":true,"audioPlay":false,"sceneViewState":{"m_AlwaysRefresh":false,"showFog":true,"showSkybox":true,"showFlares":true,"showImageEffects":true,"showParticleSystems":true,"showVisualEffectGraphs":true,"m_FxEnabled":true},"in2DMode":false,"pivot":{"x":11.835050582885743,"y":-15.710341453552246,"z":67.40586853027344},"rotation":{"x":-0.16312523186206819,"y":-0.7270510792732239,"z":0.18512371182441712,"w":-0.6407606601715088},"size":36.055511474609378,"orthographic":false}