{"cameraMode":{"drawMode":0,"name":"Shaded","section":"Shading Mode"},"sceneLighting":false,"audioPlay":false,"sceneViewState":{"m_AlwaysRefresh":false,"showFog":true,"showSkybox":false,"showFlares":true,"showImageEffects":true,"showParticleSystems":true,"showVisualEffectGraphs":true,"m_FxEnabled":true},"in2DMode":false,"pivot":{"x":16.861026763916017,"y":-0.24313253164291383,"z":-3.6663036346435549},"rotation":{"x":-0.058788467198610309,"y":-0.9394679665565491,"z":0.20549048483371736,"w":-0.26769959926605227},"size":11.073038101196289,"orthographic":false}