{"cameraMode":{"drawMode":0,"name":"Shaded","section":"Shading Mode"},"sceneLighting":false,"audioPlay":false,"sceneViewState":{"m_AlwaysRefresh":false,"showFog":true,"showSkybox":false,"showFlares":true,"showImageEffects":true,"showParticleSystems":true,"showVisualEffectGraphs":true,"m_FxEnabled":true},"in2DMode":false,"pivot":{"x":18.930217742919923,"y":1.2403820753097535,"z":24.12139129638672},"rotation":{"x":0.045035313814878467,"y":-0.6371944546699524,"z":0.03772595897316933,"w":0.7679412364959717},"size":2.1149725914001467,"orthographic":false}