{"cameraMode":{"drawMode":0,"name":"Shaded","section":"Shading Mode"},"sceneLighting":false,"audioPlay":false,"sceneViewState":{"m_AlwaysRefresh":false,"showFog":true,"showSkybox":false,"showFlares":true,"showImageEffects":true,"showParticleSystems":true,"showVisualEffectGraphs":true,"m_FxEnabled":true},"in2DMode":false,"pivot":{"x":-23.001949310302736,"y":-11.623141288757325,"z":-10.221303939819336},"rotation":{"x":-0.41054704785346987,"y":0.02243577502667904,"z":-0.010056182742118836,"w":-0.9112280011177063},"size":29.070568084716798,"orthographic":false}