{"cameraMode":{"drawMode":0,"name":"Shaded","section":"Shading Mode"},"sceneLighting":false,"audioPlay":false,"sceneViewState":{"m_AlwaysRefresh":false,"showFog":true,"showSkybox":false,"showFlares":true,"showImageEffects":true,"showParticleSystems":true,"showVisualEffectGraphs":true,"m_FxEnabled":true},"in2DMode":false,"pivot":{"x":0.5524864196777344,"y":1.24708890914917,"z":-0.00864267349243164},"rotation":{"x":-0.22514258325099946,"y":-0.0014956261729821563,"z":0.00039836647920310497,"w":-0.9743452668190002},"size":7.613882541656494,"orthographic":false}