{"cameraMode":{"drawMode":0,"name":"Shaded","section":"Shading Mode"},"sceneLighting":false,"audioPlay":false,"sceneViewState":{"m_AlwaysRefresh":false,"showFog":true,"showSkybox":false,"showFlares":true,"showImageEffects":true,"showParticleSystems":true,"showVisualEffectGraphs":true,"m_FxEnabled":true},"in2DMode":false,"pivot":{"x":0.7786273956298828,"y":5.369715213775635,"z":2.7501721382141115},"rotation":{"x":-0.09296225011348725,"y":-0.7711790204048157,"z":0.11585094034671784,"w":-0.6190931797027588},"size":3.3623242378234865,"orthographic":false}