{"cameraMode":{"drawMode":0,"name":"Shaded","section":"Shading Mode"},"sceneLighting":false,"audioPlay":false,"sceneViewState":{"m_AlwaysRefresh":false,"showFog":true,"showSkybox":false,"showFlares":true,"showImageEffects":true,"showParticleSystems":true,"showVisualEffectGraphs":true,"m_FxEnabled":true},"in2DMode":false,"pivot":{"x":3.3219594955444338,"y":5.379303932189941,"z":-0.35694581270217898},"rotation":{"x":-0.21324464678764344,"y":0.6748383641242981,"z":-0.21356871724128724,"w":-0.6734238862991333},"size":3.3250069618225099,"orthographic":false}