{"cameraMode":{"drawMode":0,"name":"Shaded","section":"Shading Mode"},"sceneLighting":false,"audioPlay":false,"sceneViewState":{"m_AlwaysRefresh":false,"showFog":true,"showSkybox":false,"showFlares":true,"showImageEffects":true,"showParticleSystems":true,"showVisualEffectGraphs":true,"m_FxEnabled":true},"in2DMode":false,"pivot":{"x":-1.5891757011413575,"y":9.880284309387207,"z":9.3546142578125},"rotation":{"x":0.0011412400053814054,"y":0.9870195388793945,"z":-0.16038376092910767,"w":0.007538522593677044},"size":3.3250069618225099,"orthographic":false}