{"cameraMode":{"drawMode":0,"name":"Shaded","section":"Shading Mode"},"sceneLighting":false,"audioPlay":false,"sceneViewState":{"m_AlwaysRefresh":false,"showFog":true,"showSkybox":false,"showFlares":true,"showImageEffects":true,"showParticleSystems":true,"showVisualEffectGraphs":true,"m_FxEnabled":true},"in2DMode":false,"pivot":{"x":-0.0000152587890625,"y":15.064820289611817,"z":-4.9999847412109379},"rotation":{"x":0.3550463318824768,"y":0.3841031491756439,"z":-0.16143833100795747,"w":0.8364500403404236},"size":10.108640670776368,"orthographic":false}