{"cameraMode":{"drawMode":0,"name":"Shaded","section":"Shading Mode"},"sceneLighting":false,"audioPlay":false,"sceneViewState":{"m_AlwaysRefresh":false,"showFog":true,"showSkybox":false,"showFlares":true,"showImageEffects":true,"showParticleSystems":true,"showVisualEffectGraphs":true,"m_FxEnabled":true},"in2DMode":false,"pivot":{"x":74.41620635986328,"y":-86.30264282226563,"z":-0.8405914306640625},"rotation":{"x":-0.09791934490203858,"y":-0.010777559131383896,"z":0.0011609597131609917,"w":-0.9951225519180298},"size":70.71067810058594,"orthographic":false}