{"cameraMode":{"drawMode":0,"name":"Shaded","section":"Shading Mode"},"sceneLighting":false,"audioPlay":false,"sceneViewState":{"m_AlwaysRefresh":false,"showFog":true,"showSkybox":false,"showFlares":true,"showImageEffects":true,"showParticleSystems":true,"showVisualEffectGraphs":true,"m_FxEnabled":true},"in2DMode":false,"pivot":{"x":-13.379337310791016,"y":5.200835704803467,"z":2.2659342288970949},"rotation":{"x":0.11502516269683838,"y":-0.6748871803283691,"z":0.10795127600431442,"w":0.7208993434906006},"size":12.515887260437012,"orthographic":false}