{"cameraMode":{"drawMode":0,"name":"Shaded","section":"Shading Mode"},"sceneLighting":true,"audioPlay":false,"sceneViewState":{"m_AlwaysRefresh":false,"showFog":true,"showSkybox":true,"showFlares":true,"showImageEffects":true,"showParticleSystems":true,"showVisualEffectGraphs":true,"m_FxEnabled":true},"in2DMode":false,"pivot":{"x":-5.763014793395996,"y":12.814725875854493,"z":-11.163980484008789},"rotation":{"x":-0.15012171864509583,"y":-0.11154814064502716,"z":0.01598259247839451,"w":-0.982547402381897},"size":0.8660253882408142,"orthographic":false}