{"cameraMode":{"drawMode":0,"name":"Shaded","section":"Shading Mode"},"sceneLighting":false,"audioPlay":false,"sceneViewState":{"m_AlwaysRefresh":false,"showFog":true,"showSkybox":false,"showFlares":true,"showImageEffects":true,"showParticleSystems":true,"showVisualEffectGraphs":true,"m_FxEnabled":true},"in2DMode":false,"pivot":{"x":-3.5518205165863039,"y":0.6651517152786255,"z":-1.6301846504211426},"rotation":{"x":0.2562812566757202,"y":0.743857741355896,"z":-0.43831995129585268,"w":0.43365374207496645},"size":0.8660253882408142,"orthographic":false}