{"cameraMode":{"drawMode":0,"name":"Shaded","section":"Shading Mode"},"sceneLighting":false,"audioPlay":false,"sceneViewState":{"m_AlwaysRefresh":false,"showFog":true,"showSkybox":false,"showFlares":true,"showImageEffects":true,"showParticleSystems":true,"showVisualEffectGraphs":true,"m_FxEnabled":true},"in2DMode":false,"pivot":{"x":-9.999995231628418,"y":0.6271202564239502,"z":0.000030517578125},"rotation":{"x":-0.36044353246688845,"y":0.04533883556723595,"z":-0.017399558797478677,"w":-0.9312114715576172},"size":14.844873428344727,"orthographic":false}