{"cameraMode":{"drawMode":0,"name":"Shaded","section":"Shading Mode"},"sceneLighting":false,"audioPlay":false,"sceneViewState":{"m_AlwaysRefresh":false,"showFog":true,"showSkybox":false,"showFlares":true,"showImageEffects":true,"showParticleSystems":true,"showVisualEffectGraphs":true,"m_FxEnabled":true},"in2DMode":false,"pivot":{"x":12.990692138671875,"y":10.472589492797852,"z":-2.0092926025390627},"rotation":{"x":-0.36044353246688845,"y":0.04533883556723595,"z":-0.017399558797478677,"w":-0.9312114715576172},"size":18.44304656982422,"orthographic":false}