{"cameraMode":{"drawMode":0,"name":"Shaded","section":"Shading Mode"},"sceneLighting":false,"audioPlay":false,"sceneViewState":{"m_AlwaysRefresh":false,"showFog":true,"showSkybox":false,"showFlares":true,"showImageEffects":true,"showParticleSystems":true,"showVisualEffectGraphs":true,"m_FxEnabled":true},"in2DMode":false,"pivot":{"x":24.889192581176759,"y":15.091827392578125,"z":-15.400598526000977},"rotation":{"x":-0.03557918593287468,"y":0.5004245638847351,"z":-0.02052459493279457,"w":-0.8648354411125183},"size":0.8660253882408142,"orthographic":false}