{"cameraMode":{"drawMode":0,"name":"Shaded","section":"Shading Mode"},"sceneLighting":false,"audioPlay":false,"sceneViewState":{"m_AlwaysRefresh":false,"showFog":true,"showSkybox":false,"showFlares":true,"showImageEffects":true,"showParticleSystems":true,"showVisualEffectGraphs":true,"m_FxEnabled":true},"in2DMode":false,"pivot":{"x":0.3329598009586334,"y":3.5909905433654787,"z":-0.08950133621692658},"rotation":{"x":0.10571201890707016,"y":-0.6951345205307007,"z":0.10434733331203461,"w":0.703387975692749},"size":3.8534746170043947,"orthographic":false}