{"cameraMode":{"drawMode":0,"name":"Shaded","section":"Shading Mode"},"sceneLighting":false,"audioPlay":false,"sceneViewState":{"m_AlwaysRefresh":false,"showFog":true,"showSkybox":false,"showFlares":true,"showImageEffects":true,"showParticleSystems":true,"showVisualEffectGraphs":true,"m_FxEnabled":true},"in2DMode":false,"pivot":{"x":-0.0009450912475585938,"y":1.590654969215393,"z":-0.15465044975280763},"rotation":{"x":0.1443951576948166,"y":-0.8520267605781555,"z":0.3111169934272766,"w":0.3955935835838318},"size":2.575850486755371,"orthographic":false}