{"cameraMode":{"drawMode":0,"name":"Shaded","section":"Shading Mode"},"sceneLighting":false,"audioPlay":false,"sceneViewState":{"m_AlwaysRefresh":false,"showFog":true,"showSkybox":false,"showFlares":true,"showImageEffects":true,"showParticleSystems":true,"showVisualEffectGraphs":true,"m_FxEnabled":true},"in2DMode":false,"pivot":{"x":0.23868733644485475,"y":3.8978376388549806,"z":-1.3779393434524537},"rotation":{"x":-0.025030070915818216,"y":0.9450099468231201,"z":-0.07441045343875885,"w":-0.31763485074043276},"size":4.7217698097229,"orthographic":false}