{"cameraMode":{"drawMode":0,"name":"Shaded","section":"Shading Mode"},"sceneLighting":false,"audioPlay":false,"sceneViewState":{"m_AlwaysRefresh":false,"showFog":true,"showSkybox":false,"showFlares":true,"showImageEffects":true,"showParticleSystems":true,"showVisualEffectGraphs":true,"m_FxEnabled":true},"in2DMode":false,"pivot":{"x":0.08797972649335861,"y":5.327718257904053,"z":-7.205211162567139},"rotation":{"x":0.1318606287240982,"y":-0.001184565364383161,"z":0.00037075139698572457,"w":0.9908115863800049},"size":0.000017320508050033823,"orthographic":false}